{"extensionType":"field_faas","i18nMap":{"zh-CN":{"create_time":"创建时间","start_datetime":"开始日期","placeholderStartDate":"选择开始日期","date1":"1 天后","date2":"2 天后","date3":"7 天后","date4":"15 天后","date5":"30 天后","checkbox1":"1 天后是否复习","checkbox2":"2 天后是否复习","checkbox3":"7 天后是否复习","checkbox4":"15 天后是否复习","checkbox5":"30 天后是否复习","help_document":"点击查看说明文档"},"en-US":{"create_time":"Creation Time","start_datetime":"Start Date","placeholderStartDate":"Select Start Date","date1":"1 day later","date2":"2 days later","date3":"7 days later","date4":"15 days later","date5":"30 days later","checkbox1":"Did you review after 1 day?","checkbox2":"Did you review after 2 days?","checkbox3":"Did you review after 7 days?","checkbox4":"Did you review after 15 days?","checkbox5":"Did you review after 30 days?","help_document":"Click here to view the documentation"},"ja-JP":{"create_time":"作成時間","start_datetime":"開始日","placeholderStartDate":"開始日を選択してください","date1":"1日後","date2":"2日後","date3":"7日後","date4":"15日後","date5":"30日後","checkbox1":"1日後に復習しましたか?","checkbox2":"2日後に復習しましたか?","checkbox3":"7日後に復習しましたか?","checkbox4":"15日後に復習しましたか?","checkbox5":"30日後に復習しましたか?","help_document":"ドキュメントを表示するにはここをクリックしてください"}},"fields":[{"fieldType":25,"uiSchema":{"fieldsConfigEditor":{"component":"OpenFieldMetaEditor","props":{"schema":{"items":[{"key":"start_datetime","label":"${{start_datetime}}","component":"FieldSelect","props":{"placeholder":"${{placeholderStartDate}}","supportType":[5]},"validator":{"required":true},"tooltips":[{"type":"link","text":"${{help_document}}","link":"https://jfsq6znqku.feishu.cn/wiki/Bi9Jwpj9TibcNVk6982cmnZXnuf?from=from_copylink"}]}]}}}},"presetFieldConfig":{"fieldProperty":{"propertyType":25,"icon":{"light":"https://lf3-static.bytednsdoc.com/obj/eden-cn/abjayvoz/ljhwZthlaukjlkulzlp/2024H2/more/curve/Group%201321317637.png?"},"properties":[{"key":"primaryProperty","title":"${{create_time}}","propertyType":1},{"key":"id","title":"${{create_time}}","propertyType":1,"hidden":true},{"key":"date1","title":"${{date1}}","propertyType":5},{"key":"date2","title":"${{date2}}","propertyType":5},{"key":"date3","title":"${{date3}}","propertyType":5},{"key":"date4","title":"${{date4}}","propertyType":5},{"key":"date5","title":"${{date5}}","propertyType":5}]},"externalEditorConfig":{}}}]}